Ref,Val,Package,PosX,PosY,Rot,Side
"C1","10nF","c_0402_nordic",71.2500,-22.2500,0.0000,top
"C2","100nF","c_0402_nordic",71.2500,-23.2500,0.0000,top
"C3","1uF","c_0402_nordic",71.2500,-24.2500,0.0000,top
"C4","10nF","c_0402_nordic",63.7500,18.2500,0.0000,top
"C5","100nF","c_0402_nordic",63.7500,19.2500,0.0000,top
"C6","1uF","c_0402_nordic",63.7500,20.2500,0.0000,top
"C7","1uF","c_0402_nordic",14.2500,-23.2000,-90.0000,top
"C8","220pF","c_0402_nordic",13.2500,-23.2000,-90.0000,top
"C9","10nF","c_0402_nordic",36.0000,-16.3663,90.0000,top
"C10","10nF","c_0402_nordic",25.7500,-16.3663,90.0000,top
"C11","10nF","c_0402_nordic",27.7500,-16.8662,180.0000,top
"C12","100nF","c_0402_nordic",27.7500,-15.8662,180.0000,top
"C13","1uF","c_0402_nordic",27.7500,-14.8662,180.0000,top
"C14","100nF","c_0402_nordic",25.5000,-14.1162,-90.0000,top
"C15","1uF","c_0402_nordic",40.3500,-15.6001,180.0000,top
"C16","2.2uF","c_0402_nordic",40.4500,-14.0001,180.0000,top
"C17","100nF","c_0201_nordic",45.4500,-11.7001,0.0000,top
"C18","10uF","c_0603_nordic",48.8500,-16.4501,-90.0000,top
"C19","10uF","c_0402_nordic",45.8250,-19.0651,180.0000,top
"C20","1nF","c_0201_nordic",49.6800,-17.7401,180.0000,top
"C21","10uF","c_0402_nordic",48.2500,-18.2501,0.0000,top
"C22","10uF","c_0402_nordic",49.9000,-12.5001,180.0000,top
"C23","10uF","c_0402_nordic",45.8000,-20.0000,180.0000,top
"C24","10uF","c_0603_nordic",48.8500,-14.1001,90.0000,top
"C25","1nF","c_0201_nordic",48.6000,-12.2501,-90.0000,top
"C26","1nF","c_0201_nordic",40.2500,-14.7501,180.0000,top
"C27","10uF","c_0402_nordic",43.8000,-18.9302,180.0000,top
"C28","10uF","c_0402_nordic",49.0000,-22.4501,-90.0000,top
"C29","10uF","c_0402_nordic",54.4500,-14.1501,0.0000,top
"C30","10uF","c_0402_nordic",52.8500,-19.7501,-90.0000,top
"C31","10uF","c_0402_nordic",43.7750,-19.8152,180.0000,top
"C32","100pF","c_0201_nordic",48.2000,-22.1001,-90.0000,top
"C33","100pF","c_0201_nordic",53.6000,-19.6001,-90.0000,top
"C34","100pF","c_0201_nordic",54.2500,-13.4001,0.0000,top
"C35","1uF","c_0402_nordic",40.0000,-16.5000,180.0000,top
"C36","10uF","c_0603_nordic",44.7500,49.1788,-90.0000,top
"C37","100nF","c_0402_nordic",43.5000,49.1788,-90.0000,top
"C38","220pF","c_0402_nordic",39.5000,53.1788,-90.0000,top
"C39","220pF","c_0402_nordic",43.5000,53.1788,-90.0000,top
"C40","100nF","c_0402_nordic",20.9000,-5.4000,-90.0000,top
"C41","1uF","c_0402_nordic",62.5000,-7.0000,180.0000,top
"C42","100nF","c_0402_nordic",-10.2500,-2.0000,-90.0000,top
"C43","10uF","c_0603_nordic",18.0000,-10.0000,90.0000,top
"C44","10uF","c_0603_nordic",23.0000,-10.2500,90.0000,top
"C45","10uF","c_0603_nordic",47.4750,55.6462,0.0000,top
"C46","10uF","c_0603_nordic",47.2250,50.6462,0.0000,top
"C47","10uF","c_0603_nordic",43.1250,8.8550,90.0000,top
"C48","100nF","c_0402_nordic",44.1250,8.8550,90.0000,top
"C49","100nF","c_0402_nordic",52.5000,24.2500,90.0000,top
"C50","100nF","c_0402_nordic",56.7500,17.6725,180.0000,top
"C51","100nF","c_0402_nordic",42.7500,19.5000,-90.0000,top
"C52","100nF","c_0402_nordic",56.7500,23.9225,180.0000,top
"CN1","SM04B-SRSS-TB","CONN-SMD_4P-P1.00_SM04B-SRSS-TB-LF-SN",-22.0000,0.2500,-90.0000,top
"D2","1N4001W","D_SOD-123FL",22.4000,-5.4000,-90.0000,top
"D3","1N4001W","D_SOD-123FL",35.0000,44.2500,0.0000,top
"D4","1N4001W","D_SOD-123FL",35.0000,41.9000,0.0000,top
"D5","USBLC6-2P6","SOT-666-6_L1.6-W1.2-P0.50-LS1.6-BR",30.5000,-13.3662,-90.0000,top
"FPC1","046844713002846+_C5857733","FPC-SMD_13P-P0.60_046844713002846-1",36.7750,5.7450,180.0000,top
"J1","Conn_01x04","0294-0-15-80-06-80-10-0_co-d4",45.2500,27.7369,90.0000,top
"J2","Screw_Terminal_01x02","CONN-TH_XY308-2.54-2P",41.5000,59.2500,180.0000,top
"J3","Connector, USB-TYPE-C-16P","TYPE-C-SMD_HX-TYPE-C-16PIN",31.0000,-21.1162,0.0000,top
"J4","Conn_01x03","0364-0-15-80-13-80-10-0_o2-g2",59.4500,31.7500,90.0000,top
"L1","CXP0530-220M-AG(22UH)","IND-SMD_L5.7-W5.2",18.5000,-19.4500,90.0000,top
"L2","BLM18KG121TN1D","L0603",27.5000,-13.6162,180.0000,top
"L3","DLM0NSN900HY2D","FILTER-SMD_4P-L0.9-W0.7-P0.50-BL-CW",30.5000,-10.6162,0.0000,top
"L4","2.2uH","l_0806_nordic",51.3500,-17.1501,90.0000,top
"L5","2.2uH","l_0806_nordic",50.9500,-14.2501,180.0000,top
"L6","BLM21AG102SN1D","L0805",53.0000,-11.8501,0.0000,top
"L7","BLM21AG102SN1D","L0805",49.5500,-20.3001,180.0000,top
"L8","BLM21AG102SN1D","L0805",54.0500,-16.9501,-90.0000,top
"L9","BLM18PG471SN1D","L0603",40.7500,52.9288,90.0000,top
"L10","BLM18PG471SN1D","L0603",42.2500,52.9288,90.0000,top
"LED2","XL-5050RGBC","LED-ARRAY-SMD_6P-L5.0-W5.0-TL-RD_3",30.0000,57.7500,180.0000,top
"M1","MS21SF1_V1.0","MS21SF1_V1.0",69.0000,9.2500,-90.0000,top
"Q1","AO3400A","Q_SOT-23",10.0000,-19.4500,0.0000,top
"Q3","SSM6N56FE,LM","ES6_L1.6-W1.2-P0.50-LS1.6-BL",19.1500,-6.4000,-90.0000,top
"Q4","SSM6N56FE,LM","ES6_L1.6-W1.2-P0.50-LS1.6-BL",34.2500,53.7500,-90.0000,top
"Q5","SSM6N56FE,LM","ES6_L1.6-W1.2-P0.50-LS1.6-BL",35.7500,59.0100,180.0000,top
"R1","0","r_0402_nordic",15.2500,-23.2000,90.0000,top
"R2","47","r_0402_nordic",13.2500,-16.7000,0.0000,top
"R3","0","r_0402_nordic",12.2500,-23.2000,-90.0000,top
"R4","10","r_0402_nordic",10.7500,-16.2000,-90.0000,top
"R5","10","r_0402_nordic",11.7500,-16.2000,-90.0000,top
"R6","0","r_0402_nordic",9.7500,-15.2000,90.0000,top
"R7","5.1k","r_0402_nordic",29.2500,-16.3662,90.0000,top
"R8","5.1k","r_0402_nordic",33.5000,-16.3663,0.0000,top
"R10","300k","r_0402_nordic",43.0000,-10.0001,-90.0000,top
"R11","300k","r_0402_nordic",42.2500,-10.0001,-90.0000,top
"R13","0","r_0402_nordic",46.3250,-21.3152,-90.0000,top
"R14","0","r_0402_nordic",44.2750,-21.2652,-90.0000,top
"R15","0","r_0402_nordic",54.5000,-19.9001,-90.0000,top
"R16","0","r_0402_nordic",47.4000,-22.4501,-90.0000,top
"R17","0","r_0402_nordic",55.7000,-12.1501,-90.0000,top
"R18","1Meg","r_0402_nordic",43.2500,46.9288,180.0000,top
"R19","100k","r_0402_nordic",41.0000,45.9288,0.0000,top
"R20","1Meg","r_0402_nordic",17.6500,-6.9000,90.0000,top
"R21","5.1k","r_0402_nordic",-11.9000,6.2400,0.0000,top
"R22","5.1k","r_0402_nordic",23.2500,-8.5000,0.0000,top
"R23","100k","r_0402_nordic",-14.1000,-23.2500,0.0000,top
"R24","1Meg","r_0402_nordic",32.0000,54.0000,-90.0000,top
"R25","0","r_0402_nordic",-11.9000,-3.0100,0.0000,top
"R26","1Meg","r_0402_nordic",35.7500,61.0000,180.0000,top
"R27","1Meg","r_0402_nordic",35.5000,57.2500,0.0000,top
"R28","100","r_0402_nordic",34.7500,56.2500,0.0000,top
"R29","100","r_0402_nordic",35.2400,55.2500,0.0000,top
"R30","5.1k","r_0402_nordic",49.0000,50.5000,-90.0000,top
"R31","100","r_0402_nordic",34.0000,57.7500,90.0000,top
"R32","100","r_0402_nordic",34.0000,59.7500,90.0000,top
"R33","R","l_0806_nordic",19.1500,-3.1500,180.0000,top
"R34","5.1k","r_0402_nordic",32.5000,5.5000,90.0000,top
"R35","5.1k","r_0402_nordic",33.5000,5.5000,90.0000,top
"R36","5.1k","r_0402_nordic",36.2500,3.2500,0.0000,top
"R37","100k","r_0402_nordic",47.6984,8.9910,90.0000,top
"R38","100k","r_0402_nordic",46.1250,6.6050,90.0000,top
"R39","100k","r_0402_nordic",45.3750,6.6050,90.0000,top
"R40","5.1k","r_0402_nordic",-18.0000,-1.2500,180.0000,top
"R41","5.1k","r_0402_nordic",-18.0000,-0.2500,180.0000,top
"R42","5.1k","r_0402_nordic",52.5000,15.2500,90.0000,top
"R44","0","r_0402_nordic",52.0000,16.5000,180.0000,top
"R45","100","r_0402_nordic",55.7500,22.9225,0.0000,top
"R46","1k","r_0402_nordic",55.7500,16.6725,180.0000,top
"R48","300k","r_0402_nordic",58.7500,18.1725,-90.0000,top
"R50","0","r_0402_nordic",49.5000,21.0000,0.0000,top
"R51","47k","r_0402_nordic",57.7500,22.9225,0.0000,top
"R52","30k","r_0603_nordic",58.7500,20.6725,-90.0000,top
"S1","Tactile Button, 160gf","SW_TS-1088-AR02016",-6.5000,-23.2500,0.0000,top
"SW1","ZX-QC66-8.5TP","KEY-SMD_4P-L6.0-W6.0-P4.50-LS8.6_H8.5",28.2500,46.0000,90.0000,top
"SW2","ZX-QC66-8.5TP","KEY-SMD_4P-L6.0-W6.0-P4.50-LS8.6_H8.5",28.2500,25.4000,-90.0000,top
"SW3","ZX-QC66-8.5TP","KEY-SMD_4P-L6.0-W6.0-P4.50-LS8.6_H8.5",-21.5000,46.0000,90.0000,top
"SW4","ZX-QC66-8.5TP","KEY-SMD_4P-L6.0-W6.0-P4.50-LS8.6_H8.5",-21.5000,25.4000,-90.0000,top
"TC2","TC2030-IDC","TC2030-IDC",52.7700,0.1150,0.0000,top
"U1","ME54BS13_V1.0","ME54BS13_V1.0",60.8000,-8.5000,-90.0000,top
"U2","AP3019AKTR","SOT-23-6",13.7500,-19.4500,-90.0000,top
"U3","FPC 0.5-10P HYH2.0","FPC-SMD_10P-P0.50_FPC-0.5-10P-HYH2.0",1.7500,-23.0950,180.0000,top
"U4","MT9700-N","SOT-23-5_L2.9-W1.6-P0.95-LS2.9-BL",20.4000,-9.4500,90.0000,top
"U5","${ALTIUM_VALUE}","Nordic_QFN50P500X500X90-33N",44.8000,-15.0501,180.0000,top
"U6","MT9700-N","SOT-23-5_L2.9-W1.6-P0.95-LS2.9-BL",48.0250,53.2462,0.0000,top
"U7","MAX98357AETE+T","TQFN-16_L3.0-W3.0-P0.50-BL-EP1.5",41.0000,49.0337,0.0000,top
"U8","S3B-PH-SM4-TB","CONN-SMD_S3B-PH-SM4-TB-LF-SN",-20.5000,-10.0000,90.0000,top
"U9","W25Q128JVPIQTR","WSON-8_L6.0-W5.0-P1.27-BL-EP",-13.2500,1.5000,180.0000,top
"U10","MF-NSMF200-2","F1206",-12.5500,-12.0000,180.0000,top
"U11","LIS2DW12TR","LGA-12_L2.0-W2.0-P0.50-BL",45.7500,9.0000,90.0000,top
"U12","ADS1115IDGS","TSSOP-10_3x3mm_P0.5mm",52.5000,20.2500,90.0000,top
"U13","OPA333xxDBV","SOT-23-5",56.3600,20.1975,-90.0000,top
"U14","LMP91000SDX/NOPB","WSON-14_L4.0-W4.0-P0.50-BL-EP-1",45.7500,21.0000,-90.0000,top
