Row,Quantity Per PCB,References,Value,Datasheet,Footprint,Description,Manufacturer,Manufacturer Part Number,Supplier Part Number
1,3,C32 C33 C34,100pF,~,c_0201_nordic,100pF 25V C0G ±2% 0201 Multilayer Ceramic Capacitors MLCC - SMD/SMT ROHS,Murata,GRM0335C1E101GA01D,
2,3,C8 C38 C39,220pF,~,c_0402_nordic,220pF 50V X7R ±10% 0402 Multilayer Ceramic Capacitors MLCC - SMD/SMT ROHS,,,
3,3,C20 C25 C26,1nF,~,c_0201_nordic,1nF ±10% 25V Ceramic Capacitor X7R 0201,YAGEO,CC0201KRX7R8BB102,
4,5,C1 C4 C9 C10 C11,10nF,~,c_0402_nordic,10nF 50V X7R ±10% 0402 Multilayer Ceramic Capacitors MLCC - SMD/SMT ROHS,,,
5,13,C2 C5 C12 C14 C17 C37 C40 C42 C48 C49 C50 C51 C52,100nF,~,c_0402_nordic,100nF 16V X7R ±10% 0402 Multilayer Ceramic Capacitors MLCC - SMD/SMT ROHS 100nF 10V X5R ±10% 0201 MLCC - HRE,HRE,CGA0201X5R104K100ET,
6,7,C3 C6 C7 C13 C15 C35 C41,1uF,~,c_0402_nordic,1uF 25V X5R ±10% 0402 Multilayer Ceramic Capacitors MLCC - SMD/SMT ROHS 25V 1uF X5R ±10% 0402 Multilayer Ceramic Capacitors MLCC - SMD/SMT ROHS,Samsung Electro-Mechanics,CL05A105KA5NQNC,
7,1,C16,2.2uF,~,c_0402_nordic,2.2uF ±10% 16V Ceramic Capacitor X5R 0402,Samsung Electro-Mechanics,CL05A225KO5NQNC,
8,8,C18 C24 C36 C43 C44 C45 C46 C47,10uF,~,c_0603_nordic,10uF ±10% 10V Ceramic Capacitor X5R 0603 10V 10uF X5R ±10% 0603 Multilayer Ceramic Capacitors MLCC - SMD/SMT ROHS,Samsung Electro-Mechanics,CL10A106KP8NNNC,
9,9,C19 C21 C22 C23 C27 C28 C29 C30 C31,10uF,~,c_0402_nordic,10uF 10V X5R ±20% 0402 MLCC,Samsung Electro-Mechanics,CL05A106MP5NUNC,
10,9,CN1 FPC1 J1 J2 J4 S1 TC2 U3 U8,SM04B-SRSS-TB,https://lcsc.com/product-detail/Others_JST-Sales-America__JST-Sales-America-SM04B-SRSS-TB-LF-SN_C160404.html,CONN-SMD_4P-P1.00_SM04B-SRSS-TB-LF-SN,"Generic connector, single row, 01x04, script generated (kicad-library-utils/schlib/autogen/connector/) Generic screw terminal, single row, 01x02, script generated (kicad-library-utils/schlib/autogen/connector/) Generic connector, single row, 01x03, script generated (kicad-library-utils/schlib/autogen/connector/) Without 50mA 4mm 100MΩ 100000 Times 12V 160gf 3mm 2mm Round Button Standing paste SPST SMD Tactile Switches ROHS",JST Kyocera AVX XUNPU,,
11,3,D2 D3 D4,1N4001W,https://wmsc.lcsc.com/wmsc/upload/file/pdf/v2/lcsc/2309251015_hongjiacheng-1N4001W_C18199085.pdf,D_SOD-123FL,Independent Type 1A 50V 1V@1.0A SOD-123FL Diodes - General Purpose ROHS,hongjiacheng,,
12,1,D5,USBLC6-2P6,https://lcsc.com/product-detail/Diodes-ESD_STMicroelectronics_USBLC6-2P6_USBLC6-2P6_C15999.html,SOT-666-6_L1.6-W1.2-P0.50-LS1.6-BR,USBLC6-2P6,ST(意法半导体),,
13,1,J3,"Connector, USB-TYPE-C-16P",https://atta.szlcsc.com/upload/public/pdf/source/20220920/0EF8F885FCCEA71F60E9E85152155021.pdf,TYPE-C-SMD_HX-TYPE-C-16PIN,3A 1 Horizontal attachment 16P Female -25℃~+85℃ Type-C SMD USB Connectors ROHS,,,
14,2,L4 L5,2.2uH,~,l_0806_nordic,1.7A 2.2uH 2.4A 140mΩ ±20% 0806 Fixed Inductors RoHS,muRata,DFE201610E-2R2M=P2,
15,1,L2,BLM18KG121TN1D,https://lcsc.com/product-detail/Ferrite-Beads-And-Chips_muRata_BLM18KG121TN1D_120R-25-at100MHz_C85831.html,L0603,,muRata(村田),,
16,2,L9 L10,BLM18PG471SN1D,https://lcsc.com/product-detail/Ferrite-Beads-And-Chips_muRata_BLM18PG471SN1D_470R-25_C97853.html,L0603,,muRata(村田),,
17,3,L6 L7 L8,BLM21AG102SN1D,https://lcsc.com/product-detail/Ferrite-Beads-And-Chips_muRata_BLM21AG102SN1D_1KR-25-at100MHz_C85835.html,L0805,,,,
18,1,L1,CXP0530-220M-AG(22UH),,IND-SMD_L5.7-W5.2,,,,
19,1,L3,DLM0NSN900HY2D,https://www.lcsc.com/datasheet/C882594.pdf,FILTER-SMD_4P-L0.9-W0.7-P0.50-BL-CW,,muRata(村田),,
20,1,LED2,XL-5050RGBC,https://www.lcsc.com/datasheet/C2843868.pdf,LED-ARRAY-SMD_6P-L5.0-W5.0-TL-RD_3,,XINGLIGHT(成兴光),,
21,1,M1,MS21SF1_V1.0,,MS21SF1_V1.0,PCB文件名称：MS21SF1_GBR_V1.0；PCB版本名称：MS21SF1_V1.0；单板尺寸：16.4*15.0*1.0mm；拼板要求：110.0*85.6*1.0mm，6*4 有工艺边；板厚要求：成品板外围尺寸公差:±0.1mm；板厚公差1.0±0.1mm；加工要求：4层板 板材材质 FR-4、铜厚1OZ、 黑油白字、沉金、塞孔工艺、全测；          附件50Ω阻抗图中绿框部分线路需要控制50Ω阻抗；          在每个单板PCB指定位置加入批次标注。标注字符宽度0.15mm，字符高度0.8mm，参照附件效果图；          PCB叠层按附件PCB叠层图中的指定叠层进行生产；层叠：1-  Top layer（GTL）; 2- GND（G1）; 3-POWER（G2）; 4-  Bottom layer（GBL）,,,
22,1,Q1,AO3400A,https://www.lcsc.com/datasheet/lcsc_datasheet_1811081213_Alpha---Omega-Semicon-AO3400A_C20917.pdf,Q_SOT-23,"30V 5.7A 26.5mΩ@10V,5.7A 1.4W 1.5V@250uA 1 N-Channel SOT-23-3L MOSFETs ROHS",Alpha & Omega Semicon,,
23,3,Q3 Q4 Q5,"SSM6N56FE,LM",https://lcsc.com/product-detail/MOSFET_TOSHIBA_SSM6N56FE-LM_SSM6N56FE-LM_C146449.html,ES6_L1.6-W1.2-P0.50-LS1.6-BL,,TOSHIBA(东芝),,
24,12,R1 R3 R6 R13 R14 R15 R16 R17 R25 R33 R44 R50,0,~,r_0402_nordic,Resistor,Panasonic,ERJ-2GE0R00X,
25,2,R4 R5,10,~,r_0402_nordic,-55℃~+155℃ 10Ω 50V 62.5mW Thick Film Resistor ±1% ±200ppm/℃ 0402 Chip Resistor - Surface Mount ROHS,,,
26,1,R2,47,~,r_0402_nordic,-55℃~+155℃ 47Ω 50V 62.5mW Thick Film Resistor ±1% ±100ppm/℃ 0402 Chip Resistor - Surface Mount ROHS,,,
27,5,R28 R29 R31 R32 R45,100,~,r_0402_nordic,62.5mW Thick Film Resistors 50V ±1% ±200ppm/°C 100Ω 0402 Chip Resistor - Surface Mount ROHS,,,
28,1,R46,1k,~,r_0402_nordic,62.5mW Thick Film Resistors 50V ±100ppm/°C ±1% 1kΩ 0402 Chip Resistor - Surface Mount ROHS,,,
29,11,R7 R8 R21 R22 R30 R34 R35 R36 R40 R41 R42,5.1k,~,r_0402_nordic,-55℃~+155℃ 5.1kΩ 50V 62.5mW Thick Film Resistor ±1% ±100ppm/℃ 0402 Chip Resistor - Surface Mount ROHS,,,
30,1,R52,30k,~,r_0603_nordic,100mW Thick Film Resistors 75V ±100ppm/°C ±1% 30kΩ 0603 Chip Resistor - Surface Mount ROHS,,,
31,1,R51,47k,~,r_0402_nordic,62.5mW Thick Film Resistors 50V ±100ppm/°C ±1% 47kΩ 0402 Chip Resistor - Surface Mount ROHS,,,
32,5,R19 R23 R37 R38 R39,100k,~,r_0402_nordic,-55℃~+155℃ 100kΩ 50V 62.5mW Thick Film Resistor ±1% ±100ppm/℃ 0402 Chip Resistor - Surface Mount ROHS,,,
33,3,R10 R11 R48,300k,~,r_0402_nordic,62.5mW Thick Film Resistors 50V ±100ppm/°C ±1% 300kΩ 0402 Chip Resistor - Surface Mount ROHS,,0402WGF3003TCE,
34,5,R18 R20 R24 R26 R27,1Meg,~,r_0402_nordic,-55℃~+155℃ 1MΩ 50V 62.5mW Thick Film Resistor ±1% ±100ppm/℃ 0402 Chip Resistor - Surface Mount ROHS,,,
35,4,SW1 SW2 SW3 SW4,ZX-QC66-8.5TP,https://www.lcsc.com/datasheet/C7470159.pdf,KEY-SMD_4P-L6.0-W6.0-P4.50-LS8.6_H8.5,,Megastar(兆星),,
36,1,U5,${ALTIUM_VALUE},,Nordic_QFN50P500X500X90-33N,"Li-Ion/Li-Polymer USB-C battery charger with high efficiency buck regulators, LDOs or load switches, LED drivers, TWI and VBUSOUT",Nordic Semiconductor,nPM1300-QEAA,
37,1,U12,ADS1115IDGS,http://www.ti.com/lit/ds/symlink/ads1115.pdf,TSSOP-10_3x3mm_P0.5mm,"Ultra-Small, Low-Power, I2C-Compatible, 860-SPS, 16-Bit ADCs With Internal Reference, Oscillator, and Programmable Comparator, VSSOP-10",,,
38,1,U2,AP3019AKTR,https://www.diodes.com/assets/Datasheets/AP3019A.pdf,SOT-23-6,"1.2MHz White LED Boost Drivers with Built-in Schottky, 2.5..16Vin, <30Vout, SOT-23-6",,,
39,1,U11,LIS2DW12TR,https://lcsc.com/product-detail/Motion-Sensors-Accelerometers_STMicroelectronics_LIS2DW12TR_LIS2DW12TR_C189624.html,LGA-12_L2.0-W2.0-P0.50-BL,,ST(意法半导体),,
40,1,U14,LMP91000SDX/NOPB,,WSON-14_L4.0-W4.0-P0.50-BL-EP-1,,,,
41,1,U7,MAX98357AETE+T,https://www.lcsc.com/datasheet/C910544.pdf,TQFN-16_L3.0-W3.0-P0.50-BL-EP1.5,,ADI(亚德诺)/MAXIM(美信),,
42,1,U1,ME54BS13_V1.0,,ME54BS13_V1.0,ME54BS13_GBR_V1.0，ME54BS13_V1.0，16.5*12.0*1.0mm，110.0*77.5*1.0mm，7*3 有工艺边（工艺边需铺实铜），8层三阶HDI（3+2+3）板， 板材材质 FR-4，铜厚1OZ，沉金，过孔塞孔工艺，盘中孔电镀填平，绿油白字，全测,,,
43,1,U10,MF-NSMF200-2,https://lcsc.com/product-detail/Surface-Mount-Fuses_BOURNS_MF-NSMF200-2_2-0A-6V-Self-healing-fuse_C89656.html,F1206,,BOURNS,,
44,2,U4 U6,MT9700-N,https://www.lcsc.com/datasheet/C42441843.pdf,SOT-23-5_L2.9-W1.6-P0.95-LS2.9-BL,,西安航天民芯,,
45,1,U13,OPA333xxDBV,http://www.ti.com/lit/ds/symlink/opa333.pdf,SOT-23-5,"Single 1.8V, microPower, CMOS Operational Amplifiers, Zero-Drift Series, SOT-23-5",,,
46,1,U9,W25Q128JVPIQTR,https://lcsc.com/product-detail/Others_Winbond-Elec-W25Q128JVPIQTR_C190862.html,WSON-8_L6.0-W5.0-P1.27-BL-EP,,,,
